EmployerName,Address,CompanyNumber,SicCodes,DiffMeanHourlyPercent,DiffMedianHourlyPercent,DiffMeanBonusPercent,DiffMedianBonusPercent,MaleBonusPercent,FemaleBonusPercent,MaleLowerQuartile,FemaleLowerQuartile,MaleLowerMiddleQuartile,FemaleLowerMiddleQuartile,MaleUpperMiddleQuartile,FemaleUpperMiddleQuartile,MaleTopQuartile,FemaleTopQuartile,CompanyLinkToGPGInfo,ResponsiblePerson,EmployerSize,CurrentName,SubmittedAfterTheDeadline,DueDate,DateSubmitted,period,difference,important
THAMES WATER UTILITIES LIMITED,"Clearwater Court,
Vastern Road,
Reading,
Berkshire,
United Kingdom,
RG1 8DB",02366661,36000,10.8,12.5,-5.7,33.3,18.7,15.0,60.0,40.0,67.0,33.0,72.0,28.0,74.0,26.0,https://corporate.thameswater.co.uk/About-us/Corporate-responsibility-and-sustainability/Gender-pay-gap-reporting,Janet Burr (HR Director),"5000 to 19,999",THAMES WATER UTILITIES LIMITED,False,05/04/2019 00:00:00,24/08/2018 09:25:49,2018-19,,
Safran Landing Systems Services UK Ltd,"Meteor Business Park,
Cheltenham Road East,
Gloucester,
Gloucestershire,
United Kingdom,
GL2 9QL",03528628,33160,1.6,1.7,12.7,0.0,92.1,96.2,83.3,16.7,90.9,9.1,93.9,6.1,92.5,7.5,,Zoe Townsend (HR Service Delivery Specialist),250 to 499,Safran Landing Systems Services UK Ltd,True,05/04/2019 00:00:00,15/05/2019 16:28:30,2018-19,,
NORTHERN AUTOMOTIVE SYSTEMS LIMITED,"Gilwern Park Ty Mawr Road,
Gilwern,
Abergavenny,
Monmouthshire,
Wales,
NP7 0EB",02776653,29320,7.8,0.0,55.2,28.6,4.0,4.0,70.3,29.7,91.9,8.1,51.4,48.6,76.4,23.6,,Aaron Carr (Plant Manager),500 to 999,NORTHERN AUTOMOTIVE SYSTEMS LIMITED,True,05/04/2019 00:00:00,15/05/2019 13:37:27,2018-19,,yes
Livability,"6 Mitre Passage,
London,
England,
SE10 0ER",05967087,"85320,
87300,
88100,
88990",12.0,4.0,,,0.0,0.0,23.0,77.0,14.0,86.0,17.5,82.5,24.0,76.0,https://www.livability.org.uk,Helen England (CEO),1000 to 4999,Livability,True,05/04/2019 00:00:00,21/06/2019 15:33:31,2018-19,,
Grace Academy,"The Pavilion,
Manor Drive,
Coleshill,
West Midlands,
United Kingdom,
B46 1DL",04967658,"1,
85310",8.6,1.9,100.0,100.0,2.1,0.0,35.0,65.0,23.0,77.0,28.0,72.0,34.0,66.0,https://graceacademy.org.uk/information/finance/,,250 to 499,Grace Academy,False,31/03/2019 00:00:00,12/11/2018 09:24:12,2018-19,,
BROTHERS OF CHARITY SERVICES (SCOTLAND),"Triest House, Bridge Street,
Galashiels,
Selkirkshire,
Scotland,
TD1 1SW",SC318036,86900,0.0,-1.0,0.0,0.0,0.0,0.0,30.0,70.0,31.0,69.0,34.0,66.0,25.0,75.0,http://bocscot.org/,Allistair Matheson (Director of Finance and Central Services),Less than 250,BROTHERS OF CHARITY SERVICES (SCOTLAND),False,05/04/2019 00:00:00,11/05/2018 11:31:32,2018-19,,
ASSOCIATED WASTE MANAGEMENT LIMITED,"St Bernard's Mill Gelderd Road, Gildersome, Morley,
Leeds,
West Yorkshire,
LS27 7NA",04092555,"38110,
38210",-17.6,-14.0,,,0.0,0.0,92.3,7.7,96.9,3.1,80.0,20.0,84.6,15.4,http://www.awm.uk.com/GPR%20April%202019.pdf,Colette Bloom (Finance Director),250 to 499,ASSOCIATED WASTE MANAGEMENT LIMITED,True,05/04/2019 00:00:00,24/05/2019 16:38:03,2018-19,,yes
AMSRIC LIMITED,"21- 25 Church Street West,
Woking,
Surrey,
England,
GU21 6DJ",08576967,56102,5.0,0.0,55.0,13.0,56.0,58.0,31.0,69.0,42.0,58.0,35.0,65.0,37.0,63.0,https://www.amsric.co.uk/,Carly Hughes (Payroll Manager),250 to 499,AMSRIC LIMITED,False,05/04/2019 00:00:00,03/04/2019 18:22:16,2018-19,,
AMSRIC FOODS LIMITED,"21 - 25 Church Street West 21- 25 Church Street West,
Woking,
Surrey,
England,
GU21 6DJ",02770878,56103,-1.0,0.0,34.0,23.0,14.0,17.0,73.0,27.0,71.0,29.0,60.0,40.0,70.0,30.0,https://www.amsric.co.uk/,Carly Hughes (Payroll Manager),1000 to 4999,AMSRIC FOODS LIMITED,False,05/04/2019 00:00:00,03/04/2019 18:07:43,2018-19,,
Synaptic Trust,"West Thornton Primary Academy,
Rosecourt Road,
Croydon,
Surrey,
United Kingdom,
CR0 3BS",07588104,"1,
85200",20.0,23.8,,,0.0,0.0,5.3,94.7,4.0,96.0,13.3,86.7,12.0,88.0,http://thesynaptictrust.org/,,250 to 499,Synaptic Trust,True,31/03/2019 00:00:00,08/05/2019 13:13:42,2018-19,,
THAMES WATER UTILITIES LIMITED,"Clearwater Court,
Vastern Road,
Reading,
Berkshire,
United Kingdom,
RG1 8DB",02366661,36000,10.4,12.2,40.8,0.0,32.0,34.2,57.2,42.8,66.1,33.9,73.0,27.0,72.6,27.4,,Janet Burr (HR Director),"5000 to 19,999",THAMES WATER UTILITIES LIMITED,False,05/04/2020 00:00:00,28/06/2019 11:41:22,2019-20,-0.3000000000000007,
Synaptic Trust,"West Thornton Primary Academy,
Rosecourt Road,
Croydon,
Surrey,
United Kingdom,
CR0 3BS",07588104,"1,
85200",23.8,25.1,,,0.0,0.0,3.6,96.4,8.8,91.2,15.8,84.2,14.3,85.7,http://thesynaptictrust.org/,,Less than 250,Synaptic Trust,False,31/03/2020 00:00:00,07/05/2019 16:53:05,2019-20,1.3000000000000007,
Safran Landing Systems Services UK Ltd,"Meteor Business Park,
Cheltenham Road East,
Gloucester,
Gloucestershire,
United Kingdom,
GL2 9QL",03528628,33160,1.6,1.7,12.7,0.0,92.1,96.2,83.3,16.7,90.9,9.1,93.9,6.1,92.5,7.5,,Zoe Townsend (HR Service Delivery Specialist),250 to 499,Safran Landing Systems Services UK Ltd,False,05/04/2020 00:00:00,15/05/2019 12:15:53,2019-20,0.0,
RUSHCLIFFE CARE LIMITED,"3rd Floor Butt Dyke House,
33 Park Row,
Nottingham,
United Kingdom,
NG1 6EE",02753596,87100,1.0,-1.3,,,0.0,0.0,18.0,82.0,20.0,80.0,16.0,84.0,29.0,71.0,http://www.rushcliffecare.co.uk/,Karen Noon (Group Operations Director),500 to 999,RUSHCLIFFE CARE LIMITED,False,05/04/2020 00:00:00,05/04/2019 10:17:48,2019-20,,
Rhondda Cynon Taf Council,"The Pavilions,
Cambrian Park,
Clydach Vale,
CF40 2XX",,1,13.3,9.0,,,0.0,0.0,9.0,91.0,21.0,79.0,34.0,66.0,34.0,66.0,,,"5000 to 19,999",Rhondda Cynon Taf Council,False,31/03/2020 00:00:00,16/04/2019 14:29:46,2019-20,,
AMSRIC FOODS LIMITED,"21 - 25 Church Street West 21- 25 Church Street West,
Woking,
Surrey,
England,
GU21 6DJ",02770878,56103,25.0,6.0,39.0,20.0,23.0,25.0,60.0,40.0,58.0,42.0,59.0,41.0,68.0,32.0,https://www.amsric.co.uk/,Carly Hughes (Payroll Manager),1000 to 4999,AMSRIC FOODS LIMITED,False,05/04/2020 00:00:00,28/06/2019 12:12:19,2019-20,6.0,
LINCOLNSHIRE HOUSING PARTNERSHIP  LIMITED,"Westgate Park,
Charlton Street,
Grimsby,
DN31 1SQ",RS007748,,4.8,8.4,,,0.0,0.0,31.6,68.4,62.2,37.8,48.5,51.5,63.3,36.7,https://www.lincolnshirehp.com/media/2649/gender-pay-gap-report-2019.pdf,Jane Godfrey (Head of HR &OD),250 to 499,LINCOLNSHIRE HOUSING PARTNERSHIP  LIMITED,False,05/04/2020 00:00:00,14/05/2019 16:26:56,2019-20,,
JOHN REILLY (CIVIL ENGINEERING)  LIMITED,"Highfield Court, Tollgate,Chandlers Ford,
Eastleigh,
Hampshire,
SO53 3TY",01987435,41201,27.8,39.6,72.5,-100.0,13.7,90.9,91.0,9.0,95.0,5.0,100.0,0.0,100.0,0.0,,Yip Lieu (Director),250 to 499,JOHN REILLY (CIVIL ENGINEERING)  LIMITED,False,05/04/2020 00:00:00,28/06/2019 07:51:32,2019-20,,
J & J Ormerod PLC,"Colonial House,
Bacup,
Lancashire,
United Kingdom,
OL13 0EA",00931323,32990,2.3,3.2,6.0,2.4,8.0,18.3,75.0,25.0,85.7,14.3,86.9,13.1,84.2,15.8,https://jjoplc.com,Stephen Greenhalgh (Managing Director),250 to 499,J & J Ormerod PLC,False,05/04/2020 00:00:00,11/04/2019 08:32:58,2019-20,,
INCLUSIVE SCHOOLS TRUST,"Lionwood Infant And Nursery School, Telegraph Lane East,
Norwich,
Norfolk,
NR1 4AN",10607038,85200,30.2,51.6,,,0.0,0.0,6.7,93.3,6.1,93.9,11.7,88.3,20.0,80.0,,Selene Sawyer (CEO),250 to 499,INCLUSIVE SCHOOLS TRUST,False,05/04/2020 00:00:00,23/05/2019 13:12:24,2019-20,,
IN TOUCH GAMES LIMITED,"Fountain House, Great Cornbow,
Halesowen,
West Midlands,
B63 3BL",04629082,92000,-5.4,10.4,25.1,-143.8,60.7,63.9,43.0,57.0,69.0,31.0,84.0,16.0,63.0,37.0,,Harriet Grant (HR Manager),250 to 499,IN TOUCH GAMES LIMITED,False,05/04/2020 00:00:00,10/06/2019 10:35:11,2019-20,,
HSBC UK BANK PLC,"1, Centenary Square,
Birmingham,
United Kingdom,
B1 1HQ",09928412,64191,32.0,18.7,59.7,44.3,87.0,87.0,32.0,68.0,27.0,73.0,34.0,66.0,58.0,42.0,https://www.hsbc.com/-/files/hsbc/our-approach/measuring-our-impact/pdfs/190612-uk-gender-pay-gap-report-2019.pdf?download=1,Elaine Arden (Group Chief Human Resources Officer),"20,000 or more",HSBC UK BANK PLC,False,05/04/2020 00:00:00,13/06/2019 06:43:34,2019-20,,
GREENCROFT BOTTLING COMPANY  LIMITED,"Unit 1, Greencroft Estate,
Tower Road Annfield Plain,
Stanley,
County Durham,
DH9 7XP",04768870,"46342,
82920",5.2,4.0,9.1,0.0,84.0,86.0,84.0,16.0,83.0,17.0,83.0,17.0,84.0,16.0,https://www.greencroftbottling.com/,Mark Satchwell (Managing Director),250 to 499,GREENCROFT BOTTLING COMPANY  LIMITED,False,05/04/2020 00:00:00,23/04/2019 16:11:38,2019-20,,
Grace Academy,"The Pavilion,
Manor Drive,
Coleshill,
West Midlands,
United Kingdom,
B46 1DL",04967658,"1,
85310",12.1,0.2,,,0.0,0.0,29.0,71.0,30.0,70.0,25.0,75.0,34.0,66.0,,,250 to 499,Grace Academy,False,31/03/2020 00:00:00,28/06/2019 11:03:58,2019-20,-1.7,
Fresh Start Recruitment (UK) Ltd,"Innisdoon,
Crow Hill Drive,
Mansfield,
Nottinghamshire,
England,
NG19 7AE",05106224,78200,1.0,0.0,73.0,80.0,0.1,1.5,62.0,38.0,63.0,37.0,64.0,36.0,66.0,34.0,,Rob Jones (Finance Manager),500 to 999,Fresh Start Recruitment (UK) Ltd,False,05/04/2020 00:00:00,05/04/2019 09:35:05,2019-20,,
BROTHERS OF CHARITY SERVICES (SCOTLAND),"Triest House, Bridge Street,
Galashiels,
Selkirkshire,
Scotland,
TD1 1SW",SC318036,"86900,
88100",-2.0,-1.0,,,0.0,0.0,34.0,66.0,24.0,76.0,32.0,68.0,25.0,75.0,http://bocscot.org/,Allistair Matheson (Director of Finance and Central Services),Less than 250,BROTHERS OF CHARITY SERVICES (SCOTLAND),False,05/04/2020 00:00:00,28/06/2019 11:52:14,2019-20,0.0,
Brookvale Groby Learning Trust,"Ratby Road,
Groby,
Leicester,
LE6 0GH",,1,14.9,31.6,,,0.0,0.0,17.0,83.0,22.0,78.0,33.3,66.7,28.8,71.2,,,250 to 499,Brookvale Groby Learning Trust,False,31/03/2020 00:00:00,01/04/2019 15:05:06,2019-20,,
ASSOCIATED WASTE MANAGEMENT LIMITED,"St Bernard's Mill Gelderd Road, Gildersome, Morley,
Leeds,
West Yorkshire,
LS27 7NA",04092555,"38110,
38210",17.6,14.0,,,0.0,0.0,92.3,7.7,96.9,3.1,80.0,20.0,84.6,15.4,,Colette Bloom (Finance Director),250 to 499,ASSOCIATED WASTE MANAGEMENT LIMITED,False,05/04/2020 00:00:00,24/05/2019 16:11:13,2019-20,28.0,yes
AMSRIC LIMITED,"21- 25 Church Street West,
Woking,
Surrey,
England,
GU21 6DJ",08576967,56102,23.0,5.0,46.0,-47.0,39.0,47.0,28.0,72.0,28.0,72.0,28.0,72.0,40.0,60.0,https://www.amsric.co.uk/,Carly Hughes (Payroll Manager),250 to 499,AMSRIC LIMITED,False,05/04/2020 00:00:00,28/06/2019 12:23:34,2019-20,5.0,
Livability,"6 Mitre Passage,
London,
England,
SE10 0ER",05967087,"85320,
87300,
88100,
88990",12.0,4.0,,,0.0,0.0,23.0,77.0,14.0,86.0,17.5,82.5,24.0,76.0,https://www.livability.org.uk,Helen England (CEO),1000 to 4999,Livability,False,05/04/2020 00:00:00,21/06/2019 13:36:27,2019-20,0.0,
NORTHERN AUTOMOTIVE SYSTEMS LIMITED,"Gilwern Park Ty Mawr Road,
Gilwern,
Abergavenny,
Monmouthshire,
Wales,
NP7 0EB",02776653,29320,5.0,0.0,19.0,14.0,62.7,46.9,76.0,24.0,83.0,17.0,56.0,44.0,73.0,27.0,,Aiden Lambe (Finance Director),500 to 999,NORTHERN AUTOMOTIVE SYSTEMS LIMITED,False,05/04/2020 00:00:00,24/05/2019 13:17:10,2019-20,0.0,yes
